Workbook

Sheet 表1_要約方式
A1: 課題 | B1: 専用1回方式 | C1: 専用反復方式 | D1: 行動併記方式
A2: 写真操作 | B2: =SUMIFS('実験A_実行'!$C$2:$C$13,'実験A_実行'!$A$2:$A$13,$A2,'実験A_実行'!$B$2:$B$13,B$1) -> 139871 | C2: =SUMIFS('実験A_実行'!$C$2:$C$13,'実験A_実行'!$A$2:$A$13,$A2,'実験A_実行'!$B$2:$B$13,C$1) -> 139871 | D2: =SUMIFS('実験A_実行'!$C$2:$C$13,'実験A_実行'!$A$2:$A$13,$A2,'実験A_実行'!$B$2:$B$13,D$1) -> 129374
A3: 精算 | B3: =SUMIFS('実験A_実行'!$C$2:$C$13,'実験A_実行'!$A$2:$A$13,$A3,'実験A_実行'!$B$2:$B$13,B$1) -> 211110 | C3: =SUMIFS('実験A_実行'!$C$2:$C$13,'実験A_実行'!$A$2:$A$13,$A3,'実験A_実行'!$B$2:$B$13,C$1) -> 211110 | D3: =SUMIFS('実験A_実行'!$C$2:$C$13,'実験A_実行'!$A$2:$A$13,$A3,'実験A_実行'!$B$2:$B$13,D$1) -> 211110
A4: 返金 | B4: =SUMIFS('実験A_実行'!$C$2:$C$13,'実験A_実行'!$A$2:$A$13,$A4,'実験A_実行'!$B$2:$B$13,B$1) -> 102087 | C4: =SUMIFS('実験A_実行'!$C$2:$C$13,'実験A_実行'!$A$2:$A$13,$A4,'実験A_実行'!$B$2:$B$13,C$1) -> 102087 | D4: =SUMIFS('実験A_実行'!$C$2:$C$13,'実験A_実行'!$A$2:$A$13,$A4,'実験A_実行'!$B$2:$B$13,D$1) -> 102087
A5: CSV処理 | B5: =SUMIFS('実験A_実行'!$C$2:$C$13,'実験A_実行'!$A$2:$A$13,$A5,'実験A_実行'!$B$2:$B$13,B$1) -> 440461 | C5: =SUMIFS('実験A_実行'!$C$2:$C$13,'実験A_実行'!$A$2:$A$13,$A5,'実験A_実行'!$B$2:$B$13,C$1) -> 332588 | D5: =SUMIFS('実験A_実行'!$C$2:$C$13,'実験A_実行'!$A$2:$A$13,$A5,'実験A_実行'!$B$2:$B$13,D$1) -> 394351
A6: 合計 | B6: =SUM(B2:B5) -> 893529 | C6: =SUM(C2:C5) -> 785656 | D6: =SUM(D2:D5) -> 836922
A8: 単位はトークン。全12実行で成功し、使用量の欠測はなかった。

Sheet 表2_終了制御
A1: API条件 | B1: 終了方法 | C1: 総トークン数 | D1: モデル呼出し数 | E1: API要求数
A2: 文書必須 | B2: 通常継続 | C2: =SUMIFS('実験B_実行'!$C$2:$C$5,'実験B_実行'!$A$2:$A$5,A2,'実験B_実行'!$B$2:$B$5,B2) -> 130439 | D2: =SUMIFS('実験B_実行'!$F$2:$F$5,'実験B_実行'!$A$2:$A$5,A2,'実験B_実行'!$B$2:$B$5,B2) -> 15 | E2: =SUMIFS('実験B_実行'!$G$2:$G$5,'実験B_実行'!$A$2:$A$5,A2,'実験B_実行'!$B$2:$B$5,B2) -> 104
A3: 文書必須 | B3: 終了制御 | C3: =SUMIFS('実験B_実行'!$C$2:$C$5,'実験B_実行'!$A$2:$A$5,A3,'実験B_実行'!$B$2:$B$5,B3) -> 91116 | D3: =SUMIFS('実験B_実行'!$F$2:$F$5,'実験B_実行'!$A$2:$A$5,A3,'実験B_実行'!$B$2:$B$5,B3) -> 13 | E3: =SUMIFS('実験B_実行'!$G$2:$G$5,'実験B_実行'!$A$2:$A$5,A3,'実験B_実行'!$B$2:$B$5,B3) -> 100
A4: 名前参照 | B4: 通常継続 | C4: =SUMIFS('実験B_実行'!$C$2:$C$5,'実験B_実行'!$A$2:$A$5,A4,'実験B_実行'!$B$2:$B$5,B4) -> 151664 | D4: =SUMIFS('実験B_実行'!$F$2:$F$5,'実験B_実行'!$A$2:$A$5,A4,'実験B_実行'!$B$2:$B$5,B4) -> 14 | E4: =SUMIFS('実験B_実行'!$G$2:$G$5,'実験B_実行'!$A$2:$A$5,A4,'実験B_実行'!$B$2:$B$5,B4) -> 103
A5: 名前参照 | B5: 終了制御 | C5: =SUMIFS('実験B_実行'!$C$2:$C$5,'実験B_実行'!$A$2:$A$5,A5,'実験B_実行'!$B$2:$B$5,B5) -> 112233 | D5: =SUMIFS('実験B_実行'!$F$2:$F$5,'実験B_実行'!$A$2:$A$5,A5,'実験B_実行'!$B$2:$B$5,B5) -> 12 | E5: =SUMIFS('実験B_実行'!$G$2:$G$5,'実験B_実行'!$A$2:$A$5,A5,'実験B_実行'!$B$2:$B$5,B5) -> 99
A7: 全4実行で成功し、使用量の欠測はなかった。

Sheet 実験A_実行
A1: 課題 | B1: 方式 | C1: 総トークン数 | D1: 入力トークン数 | E1: 出力トークン数 | F1: モデル呼出し数 | G1: API要求数 | H1: 成功 | I1: 要約採用回数 | J1: 使用量不明件数
A2: 写真操作 | B2: 専用1回方式 | C2: 139871 | D2: 133393 | E2: 6478 | F2: 17 | G2: 102 | H2: 1 | I2: 1 | J2: 0
A3: 写真操作 | B3: 専用反復方式 | C3: 139871 | D3: 133393 | E3: 6478 | F3: 17 | G3: 102 | H3: 1 | I3: 1 | J3: 0
A4: 写真操作 | B4: 行動併記方式 | C4: 129374 | D4: 123153 | E4: 6221 | F4: 16 | G4: 102 | H4: 1 | I4: 1 | J4: 0
A5: 精算 | B5: 専用1回方式 | C5: 211110 | D5: 208249 | E5: 2861 | F5: 24 | G5: 25 | H5: 1 | I5: 0 | J5: 0
A6: 精算 | B6: 専用反復方式 | C6: 211110 | D6: 208249 | E6: 2861 | F6: 24 | G6: 25 | H6: 1 | I6: 0 | J6: 0
A7: 精算 | B7: 行動併記方式 | C7: 211110 | D7: 208249 | E7: 2861 | F7: 24 | G7: 25 | H7: 1 | I7: 0 | J7: 0
A8: 返金 | B8: 専用1回方式 | C8: 102087 | D8: 99160 | E8: 2927 | F8: 13 | G8: 13 | H8: 1 | I8: 0 | J8: 0
A9: 返金 | B9: 専用反復方式 | C9: 102087 | D9: 99160 | E9: 2927 | F9: 13 | G9: 13 | H9: 1 | I9: 0 | J9: 0
A10: 返金 | B10: 行動併記方式 | C10: 102087 | D10: 99160 | E10: 2927 | F10: 13 | G10: 13 | H10: 1 | I10: 0 | J10: 0
A11: CSV処理 | B11: 専用1回方式 | C11: 440461 | D11: 427958 | E11: 12503 | F11: 32 | G11: 77 | H11: 1 | I11: 1 | J11: 0
A12: CSV処理 | B12: 専用反復方式 | C12: 332588 | D12: 319446 | E12: 13142 | F12: 31 | G12: 76 | H12: 1 | I12: 2 | J12: 0
A13: CSV処理 | B13: 行動併記方式 | C13: 394351 | D13: 378124 | E13: 16227 | F13: 35 | G13: 67 | H13: 1 | I13: 2 | J13: 0

Sheet 実験B_実行
A1: API条件 | B1: 終了方法 | C1: 総トークン数 | D1: 入力トークン数 | E1: 出力トークン数 | F1: モデル呼出し数 | G1: API要求数 | H1: 成功 | I1: 使用量不明件数
A2: 文書必須 | B2: 通常継続 | C2: 130439 | D2: 124502 | E2: 5937 | F2: 15 | G2: 104 | H2: 1 | I2: 0
A3: 文書必須 | B3: 終了制御 | C3: 91116 | D3: 85628 | E3: 5488 | F3: 13 | G3: 100 | H3: 1 | I3: 0
A4: 名前参照 | B4: 通常継続 | C4: 151664 | D4: 143592 | E4: 8072 | F4: 14 | G4: 103 | H4: 1 | I4: 0
A5: 名前参照 | B5: 終了制御 | C5: 112233 | D5: 104704 | E5: 7529 | F5: 12 | G5: 99 | H5: 1 | I5: 0

Sheet 集計
A1: 実験A：4課題の合計
A2: 方式 | B2: 総トークン数 | C2: 成功数 | D2: 要約採用回数 | E2: 使用量不明件数
A3: 専用1回方式 | B3: =SUMIFS('実験A_実行'!$C$2:$C$13,'実験A_実行'!$B$2:$B$13,A3) -> 893529 | C3: =COUNTIFS('実験A_実行'!$B$2:$B$13,A3,'実験A_実行'!$H$2:$H$13,1) -> 4 | D3: =SUMIFS('実験A_実行'!$I$2:$I$13,'実験A_実行'!$B$2:$B$13,A3) -> 2 | E3: =SUMIFS('実験A_実行'!$J$2:$J$13,'実験A_実行'!$B$2:$B$13,A3) -> 0
A4: 専用反復方式 | B4: =SUMIFS('実験A_実行'!$C$2:$C$13,'実験A_実行'!$B$2:$B$13,A4) -> 785656 | C4: =COUNTIFS('実験A_実行'!$B$2:$B$13,A4,'実験A_実行'!$H$2:$H$13,1) -> 4 | D4: =SUMIFS('実験A_実行'!$I$2:$I$13,'実験A_実行'!$B$2:$B$13,A4) -> 3 | E4: =SUMIFS('実験A_実行'!$J$2:$J$13,'実験A_実行'!$B$2:$B$13,A4) -> 0
A5: 行動併記方式 | B5: =SUMIFS('実験A_実行'!$C$2:$C$13,'実験A_実行'!$B$2:$B$13,A5) -> 836922 | C5: =COUNTIFS('実験A_実行'!$B$2:$B$13,A5,'実験A_実行'!$H$2:$H$13,1) -> 4 | D5: =SUMIFS('実験A_実行'!$I$2:$I$13,'実験A_実行'!$B$2:$B$13,A5) -> 3 | E5: =SUMIFS('実験A_実行'!$J$2:$J$13,'実験A_実行'!$B$2:$B$13,A5) -> 0
A8: 実験B：同じ写真課題の2条件
A9: API条件 | B9: 通常継続 | C9: 終了制御 | D9: 削減率 | E9: 通常継続の成功数 | F9: 終了制御の成功数 | G9: 使用量不明件数
A10: 文書必須 | B10: =SUMIFS('実験B_実行'!$C$2:$C$5,'実験B_実行'!$A$2:$A$5,A10,'実験B_実行'!$B$2:$B$5,B$9) -> 130439 | C10: =SUMIFS('実験B_実行'!$C$2:$C$5,'実験B_実行'!$A$2:$A$5,A10,'実験B_実行'!$B$2:$B$5,C$9) -> 91116 | D10: =(B10-C10)/B10 -> 0.30146659 | E10: =COUNTIFS('実験B_実行'!$A$2:$A$5,A10,'実験B_実行'!$B$2:$B$5,B$9,'実験B_実行'!$H$2:$H$5,1) -> 1 | F10: =COUNTIFS('実験B_実行'!$A$2:$A$5,A10,'実験B_実行'!$B$2:$B$5,C$9,'実験B_実行'!$H$2:$H$5,1) -> 1 | G10: =SUMIFS('実験B_実行'!$I$2:$I$5,'実験B_実行'!$A$2:$A$5,A10) -> 0
A11: 名前参照 | B11: =SUMIFS('実験B_実行'!$C$2:$C$5,'実験B_実行'!$A$2:$A$5,A11,'実験B_実行'!$B$2:$B$5,B$9) -> 151664 | C11: =SUMIFS('実験B_実行'!$C$2:$C$5,'実験B_実行'!$A$2:$A$5,A11,'実験B_実行'!$B$2:$B$5,C$9) -> 112233 | D11: =(B11-C11)/B11 -> 0.25998919 | E11: =COUNTIFS('実験B_実行'!$A$2:$A$5,A11,'実験B_実行'!$B$2:$B$5,B$9,'実験B_実行'!$H$2:$H$5,1) -> 1 | F11: =COUNTIFS('実験B_実行'!$A$2:$A$5,A11,'実験B_実行'!$B$2:$B$5,C$9,'実験B_実行'!$H$2:$H$5,1) -> 1 | G11: =SUMIFS('実験B_実行'!$I$2:$I$5,'実験B_実行'!$A$2:$A$5,A11) -> 0
A15: 実験A：4課題合計の方式間比較
A16: 対象方式 | B16: 基準方式 | C16: 差分トークン数 | D16: 差分率
A17: 専用反復方式 | B17: 専用1回方式 | C17: =B4-B3 -> -107873 | D17: =C17/B3 -> -0.12072692
A18: 行動併記方式 | B18: 専用1回方式 | C18: =B5-B3 -> -56607 | D18: =C18/B3 -> -0.063352169
A19: 行動併記方式 | B19: 専用反復方式 | C19: =B5-B4 -> 51266 | D19: =C19/B4 -> 0.065252477
A21: 差分＝対象方式−基準方式。負の値は削減を表す。実験AとBの削減率は合算しない。
