Workbook

Sheet 図2_実験A

Sheet 図3_実験B

Sheet 実験A_結果
A1: 課題 | B1: 方式 | C1: 総トークン数 | D1: 入力トークン数 | E1: 出力トークン数 | F1: モデル呼出し数 | G1: API要求数 | H1: 成功 | I1: 要約採用回数 | J1: 使用量不明件数
A2: 写真操作 | B2: Single | C2: 139871 | D2: 133393 | E2: 6478 | F2: 17 | G2: 102 | H2: 1 | I2: 1 | J2: 0
A3: 写真操作 | B3: Separate | C3: 139871 | D3: 133393 | E3: 6478 | F3: 17 | G3: 102 | H3: 1 | I3: 1 | J3: 0
A4: 写真操作 | B4: Inline | C4: 129374 | D4: 123153 | E4: 6221 | F4: 16 | G4: 102 | H4: 1 | I4: 1 | J4: 0
A5: 精算 | B5: Single | C5: 211110 | D5: 208249 | E5: 2861 | F5: 24 | G5: 25 | H5: 1 | I5: 0 | J5: 0
A6: 精算 | B6: Separate | C6: 211110 | D6: 208249 | E6: 2861 | F6: 24 | G6: 25 | H6: 1 | I6: 0 | J6: 0
A7: 精算 | B7: Inline | C7: 211110 | D7: 208249 | E7: 2861 | F7: 24 | G7: 25 | H7: 1 | I7: 0 | J7: 0
A8: 返金 | B8: Single | C8: 102087 | D8: 99160 | E8: 2927 | F8: 13 | G8: 13 | H8: 1 | I8: 0 | J8: 0
A9: 返金 | B9: Separate | C9: 102087 | D9: 99160 | E9: 2927 | F9: 13 | G9: 13 | H9: 1 | I9: 0 | J9: 0
A10: 返金 | B10: Inline | C10: 102087 | D10: 99160 | E10: 2927 | F10: 13 | G10: 13 | H10: 1 | I10: 0 | J10: 0
A11: CSV処理 | B11: Single | C11: 440461 | D11: 427958 | E11: 12503 | F11: 32 | G11: 77 | H11: 1 | I11: 1 | J11: 0
A12: CSV処理 | B12: Separate | C12: 332588 | D12: 319446 | E12: 13142 | F12: 31 | G12: 76 | H12: 1 | I12: 2 | J12: 0
A13: CSV処理 | B13: Inline | C13: 394351 | D13: 378124 | E13: 16227 | F13: 35 | G13: 67 | H13: 1 | I13: 2 | J13: 0

Sheet 実験B_結果
A1: API条件 | B1: 終了方法 | C1: 総トークン数 | D1: 入力トークン数 | E1: 出力トークン数 | F1: モデル呼出し数 | G1: API要求数 | H1: 成功 | I1: 使用量不明件数
A2: 文書必須 | B2: 通常継続 | C2: 130439 | D2: 124502 | E2: 5937 | F2: 15 | G2: 104 | H2: 1 | I2: 0
A3: 文書必須 | B3: 完了判定 | C3: 91116 | D3: 85628 | E3: 5488 | F3: 13 | G3: 100 | H3: 1 | I3: 0
A4: 名前参照 | B4: 通常継続 | C4: 151664 | D4: 143592 | E4: 8072 | F4: 14 | G4: 103 | H4: 1 | I4: 0
A5: 名前参照 | B5: 完了判定 | C5: 112233 | D5: 104704 | E5: 7529 | F5: 12 | G5: 99 | H5: 1 | I5: 0

Sheet 集計
A1: 実験A：4課題の合計と内訳
A2: 方式 | B2: その他3課題 | C2: CSV処理 | D2: 合計 | E2: 成功数 | F2: その他3課題 | G2: CSV処理
A3: Single | B3: =SUMIFS('実験A_結果'!$C$2:$C$13,'実験A_結果'!$B$2:$B$13,A3,'実験A_結果'!$A$2:$A$13,"<>CSV処理") -> 453068 | C3: =SUMIFS('実験A_結果'!$C$2:$C$13,'実験A_結果'!$B$2:$B$13,A3,'実験A_結果'!$A$2:$A$13,"CSV処理") -> 440461 | D3: =SUM(B3:C3) -> 893529 | E3: =COUNTIFS('実験A_結果'!$B$2:$B$13,A3,'実験A_結果'!$H$2:$H$13,1) -> 4 | F3: =B3/1000 -> 453.068 | G3: =C3/1000 -> 440.461
A4: Separate | B4: =SUMIFS('実験A_結果'!$C$2:$C$13,'実験A_結果'!$B$2:$B$13,A4,'実験A_結果'!$A$2:$A$13,"<>CSV処理") -> 453068 | C4: =SUMIFS('実験A_結果'!$C$2:$C$13,'実験A_結果'!$B$2:$B$13,A4,'実験A_結果'!$A$2:$A$13,"CSV処理") -> 332588 | D4: =SUM(B4:C4) -> 785656 | E4: =COUNTIFS('実験A_結果'!$B$2:$B$13,A4,'実験A_結果'!$H$2:$H$13,1) -> 4 | F4: =B4/1000 -> 453.068 | G4: =C4/1000 -> 332.588
A5: Inline | B5: =SUMIFS('実験A_結果'!$C$2:$C$13,'実験A_結果'!$B$2:$B$13,A5,'実験A_結果'!$A$2:$A$13,"<>CSV処理") -> 442571 | C5: =SUMIFS('実験A_結果'!$C$2:$C$13,'実験A_結果'!$B$2:$B$13,A5,'実験A_結果'!$A$2:$A$13,"CSV処理") -> 394351 | D5: =SUM(B5:C5) -> 836922 | E5: =COUNTIFS('実験A_結果'!$B$2:$B$13,A5,'実験A_結果'!$H$2:$H$13,1) -> 4 | F5: =B5/1000 -> 442.571 | G5: =C5/1000 -> 394.351
A7: B〜D列：トークン、F〜G列：千トークン
A9: 実験B：同じ写真課題の2条件
A10: API条件 | B10: 通常継続 | C10: 完了判定 | D10: 削減率 | E10: グラフの注記 | F10: 通常継続 | G10: 完了判定
A11: 文書必須 | B11: =SUMIFS('実験B_結果'!$C$2:$C$5,'実験B_結果'!$A$2:$A$5,A11,'実験B_結果'!$B$2:$B$5,"通常継続") -> 130439 | C11: =SUMIFS('実験B_結果'!$C$2:$C$5,'実験B_結果'!$A$2:$A$5,A11,'実験B_結果'!$B$2:$B$5,"完了判定") -> 91116 | D11: =(B11-C11)/B11 -> 0.30146659 | E11: =TEXT(D11,"0.00%")&"減" -> 30.15%減 | F11: =B11/1000 -> 130.439 | G11: =C11/1000 -> 91.116
A12: 名前参照 | B12: =SUMIFS('実験B_結果'!$C$2:$C$5,'実験B_結果'!$A$2:$A$5,A12,'実験B_結果'!$B$2:$B$5,"通常継続") -> 151664 | C12: =SUMIFS('実験B_結果'!$C$2:$C$5,'実験B_結果'!$A$2:$A$5,A12,'実験B_結果'!$B$2:$B$5,"完了判定") -> 112233 | D12: =(B12-C12)/B12 -> 0.25998919 | E12: =TEXT(D12,"0.00%")&"減" -> 26.00%減 | F12: =B12/1000 -> 151.664 | G12: =C12/1000 -> 112.233
A14: B〜C列：トークン、F〜G列：千トークン
A15: 実験AとBは別々に評価する。両者の削減率を合算しない。

Sheet 説明
A1: 編集方法：結果表を編集すると、集計式と棒の高さが更新される。
A2: グラフはExcelのネイティブグラフであり、色・軸・凡例・ラベルを編集できる。
A3: 図3の削減率注記は編集可能な文字ラベル。値変更時は集計D/E列の値に合わせてラベルも編集する。
A4: 削減率注記を文字ラベルとしたのは、LibreOfficeで同じグラフを書き出すための互換対応。
A5: 図2／図3シートは原稿への出力用。グラフに図番号や長い説明は含めない。
A6: 総トークン数は入力と出力の合計。要約生成を含む全モデル呼出しを集計する。
A7: キャッシュされた入力も含む論理トークン数であり、金銭課金や時間ではない。
A8: 成功は実行終了後の公式評価器による。全12実行／全4実行で成功、使用量欠測なし。
A9: 実験AとBは独立した既知課題の比較であり、組合せ効果や一般的な品質保証は評価していない。
A10: 実験Bでは13データベースのハッシュが一致したが、要求・応答全文の厳密な先頭一致は成立しなかった。
A11: 元データ：同梱のresults_data.json。新しい実験値は追加していない。
